datetime,vehicle_id,speed,longitude,latitude,lane_id,running_position,cell_id,acting_frequency,transmission_power,traffic_rules_obeyed,processing_power,available_storage
2024-02-25 17:14:27,veh134,0.0,127.01149161874785,37.4913279283971,379452223_0,0.0,"(3, 9)",4,4.735494944804874,True,2.7371521856148915,17
2024-02-25 17:14:37,veh208,51.5,127.00680587913332,37.49384118685641,310013636#0_0,0.0,"(3, 9)",17,2.5503810065735144,False,2.9300373245031377,42
2024-02-25 17:14:37,veh209,0.0,127.01133868227451,37.492399498543776,-228171773#0_0,0.0,"(3, 9)",13,4.064388897868568,True,2.8061426466243367,87
2024-02-25 17:14:35,veh196,0.0,127.01152130157506,37.49193226759,-379435282#3_0,0.0,"(3, 9)",17,1.5967649417007366,True,1.7701613522114397,46
2024-02-25 17:14:15,veh56,0.0,127.00766727652157,37.491819303189324,-523341065_0,0.0,"(3, 9)",3,4.169629926070024,True,1.8535083341037901,6
2024-02-25 17:14:34,veh184,0.0,127.00774188497347,37.49139862633713,522799183#2-AddedOnRampEdge_1,0.0,"(3, 9)",12,2.4695345910162447,True,2.992573299162827,85
2024-02-25 17:14:24,veh118,0.0,127.0080801482078,37.49306226476166,-308693415#3_0,0.0,"(3, 9)",11,1.135600073684165,False,1.9618299400579504,80
2024-02-25 17:14:49,veh292,0.0,127.01169462288782,37.491073902124995,-379452223_0,0.0,"(3, 9)",14,4.423863543616442,True,2.2918199059059123,45
2024-02-25 17:14:33,veh179,0.0,127.01220782101093,37.49186623061343,379452234_0,0.0,"(3, 9)",4,3.6758425602842717,False,1.0828976416253073,44
2024-02-25 17:14:45,veh264,0.0,127.00713419338854,37.49264068374028,176770922#2_1,0.0,"(3, 9)",4,4.176402366807858,True,2.2047326901182425,47
2024-02-25 17:14:32,veh171,43.93,127.00673488124848,37.49397218058263,230282419#0_0,0.0,"(3, 9)",18,4.1699756855616155,False,1.2331818146115754,47
2024-02-25 17:14:12,veh35,0.0,127.00955193606502,37.49447218017234,310013636#5_0,0.0,"(3, 10)",5,0.9767584321409568,False,2.079834729475076,10
2024-02-25 17:14:37,veh205,0.0,127.01021005713396,37.494457413321946,200395437#1_0,0.0,"(3, 10)",5,1.602953659119129,True,2.7242672931408904,54
2024-02-25 17:14:23,veh111,50.7,127.00911157141685,37.49862470140979,-185582682#4_0,0.0,"(3, 10)",17,4.92677272712303,True,2.1953214244066803,46
2024-02-25 17:14:18,veh72,51.11,127.01160527156463,37.49493212354615,-307983741#2_0,0.0,"(3, 10)",6,1.7966720186483485,True,2.6347430117596113,85
2024-02-25 17:14:11,veh22,48.75,127.00911157141685,37.49862470140979,-185582682#4_0,0.0,"(3, 10)",12,0.3608266137459454,False,1.889304744511013,12
2024-02-25 17:14:25,veh124,0.0,127.01028747779168,37.50205753391716,-185582675_0,0.0,"(3, 11)",4,2.6033958118078733,False,1.2798653222227445,25
2024-02-25 17:14:25,veh121,0.0,127.01062351250447,37.49971035625734,-418110867#0_0,0.0,"(3, 11)",19,3.4345443915045357,True,2.243111229010636,27
2024-02-25 17:14:28,veh143,0.0,127.0099839506678,37.49883719328172,-185582677#5_0,0.0,"(3, 11)",13,1.7284297607898442,True,1.8011621302181535,58
2024-02-25 17:14:38,veh217,0.0,127.01077132029204,37.50234289502622,-185582680_0,0.0,"(3, 11)",2,2.1759444162912787,False,2.6449100502321965,67
2024-02-25 17:14:19,veh78,0.0,127.01054986795451,37.50323803215799,185582670#3_0,0.0,"(3, 11)",10,2.111179600237769,False,2.260725324046817,3
2024-02-25 17:14:10,veh15,0.0,127.01072105198774,37.50473951777578,-498559927#1_1,0.0,"(3, 12)",3,4.557504080046961,False,2.2127765944948234,18
2024-02-25 17:14:20,veh85,0.0,127.01053749586494,37.50475037453944,498559927#2_1,0.0,"(3, 12)",18,4.550589385461498,False,2.0084407568298603,29
2024-02-25 17:14:09,veh9,0.0,127.01055218253978,37.50440134277804,498559934#1_0,0.0,"(3, 12)",11,3.8901814636277168,True,1.3950632077193668,81
2024-02-25 17:14:25,veh122,0.0,127.00938587966084,37.503595987416624,-185582673_0,0.0,"(3, 12)",5,2.2171342672747247,False,1.798845975448315,23
2024-02-25 17:14:28,veh142,0.0,127.01163835356931,37.504820666388696,-1116550473_1,0.0,"(3, 12)",12,3.0025969307301867,True,2.6468486192537344,92
2024-02-25 17:14:14,veh44,69.26,127.0101041805202,37.505225344011336,-218681382#2_0,0.0,"(3, 12)",5,0.3193440243696223,True,2.730570280648541,20
2024-02-25 17:14:41,veh238,48.45,127.01273277517079,37.487848408634406,-228171773#7_0,0.0,"(4, 8)",16,3.1722443309820587,False,2.035511399344075,15
2024-02-25 17:14:21,veh93,0.0,127.01399046012651,37.493710394279645,1056882868#1_0,0.0,"(4, 9)",9,4.058591682364875,False,2.7323368859300796,49
2024-02-25 17:14:21,veh94,40.65,127.01696474971895,37.4928116855768,-379452216_0,0.0,"(4, 9)",14,0.45121715323088385,True,1.2020012084022154,75
2024-02-25 17:14:44,veh257,18.25,127.01555460869959,37.492923855550174,379452213_0,0.0,"(4, 9)",19,0.8211671673720228,True,1.7134435645496013,81
2024-02-25 17:14:24,veh115,0.0,127.01331001792354,37.491538706429935,228171772#3_0,0.0,"(4, 9)",8,1.605648653215141,True,2.784333825684987,72
2024-02-25 17:14:42,veh243,0.0,127.01780782650886,37.491776407385856,220412434#1_0,0.0,"(4, 9)",1,3.246855992009789,True,1.9230533295538903,44
2024-02-25 17:14:26,veh129,0.0,127.01368257869622,37.49435598185378,306340069#0_0,0.0,"(4, 9)",19,0.6082745757713786,False,1.8737173739079862,18
2024-02-25 17:14:14,veh46,0.0,127.01557613368266,37.49188583659555,418114543#0_0,0.0,"(4, 9)",8,1.3283986053682575,True,2.213263613907722,74
2024-02-25 17:14:40,veh230,0.0,127.01430492536721,37.49027647339664,1009285128#1_0,0.0,"(4, 9)",9,1.109764422017129,True,2.191721861149726,86
2024-02-25 17:14:33,veh177,0.0,127.01297270013117,37.49413870359486,-310011938#1_0,0.0,"(4, 9)",4,3.9484401691048614,True,2.8352354148178565,97
2024-02-25 17:14:33,veh182,0.0,127.01695899595626,37.494213963011106,-220412927#0_0,0.0,"(4, 9)",2,4.15649710698493,True,1.0208657059967092,76
2024-02-25 17:14:34,veh186,0.0,127.01411129247342,37.49118794293479,-1009285128#1_0,0.0,"(4, 9)",14,3.4484406873107103,True,2.915785880734056,68
2024-02-25 17:14:37,veh211,0.0,127.01696775786161,37.49306284469704,379452231#1_0,0.0,"(4, 9)",20,3.7926024025877263,True,1.726980382316866,95
2024-02-25 17:14:23,veh112,0.0,127.01355816883208,37.49042698659323,228171772#5_0,0.0,"(4, 9)",19,0.8913691204647683,False,2.573450987884586,10
2024-02-25 17:14:26,veh132,0.0,127.01245466158431,37.49051201349326,-228171773#5_0,0.0,"(4, 9)",15,2.127294322292996,False,2.696957082611676,88
2024-02-25 17:14:37,veh206,40.65,127.01696474971895,37.4928116855768,-379452216_0,0.0,"(4, 9)",7,2.7232044696865363,True,2.156897555161813,38
2024-02-25 17:14:49,veh288,0.0,127.01473227429004,37.49135833890401,-220412430#0_0,0.0,"(4, 9)",12,4.148044737677701,True,1.7712958842910635,13
2024-02-25 17:14:08,veh4,0.0,127.01399046012651,37.493710394279645,1056882868#1_0,0.0,"(4, 9)",18,0.7830062242210232,False,1.4717130228763768,60
2024-02-25 17:14:11,veh27,0.0,127.01550049886393,37.4977740362709,306339019#2_0,0.0,"(4, 10)",4,4.359491286532359,True,2.370725721307635,26
2024-02-25 17:14:43,veh247,0.0,127.01379513784947,37.49851226645998,306339026#3_0,0.0,"(4, 10)",5,3.576965067862201,True,1.489507026261355,47
2024-02-25 17:14:49,veh294,0.0,127.01421476195395,37.49441606525489,-302988682#0_0,0.0,"(4, 10)",3,3.5462097561233668,False,2.430451666174852,27
2024-02-25 17:14:49,veh293,0.0,127.01382492825755,37.49828891631175,-306339026#2_0,0.0,"(4, 10)",19,2.7229511195613094,True,1.3495816747032838,19
2024-02-25 17:14:42,veh240,55.49,127.01242593614077,37.49519859639946,-310026231_0,0.0,"(4, 10)",17,2.077796099010595,True,2.904463607647003,53
2024-02-25 17:14:34,veh188,0.0,127.01598631517093,37.49490823309291,306340069#3_0,0.0,"(4, 10)",6,4.46118599272178,False,2.4630333440781724,83
2024-02-25 17:14:38,veh213,0.0,127.0132936387378,37.49538310645519,-522799177#2_0,0.0,"(4, 10)",17,0.8218702820714681,False,2.8345210465016555,3
2024-02-25 17:14:35,veh195,0.0,127.01669295142375,37.49475264248484,-306396055_0,0.0,"(4, 10)",11,2.1839640640356857,False,1.8058721408655722,39
2024-02-25 17:14:36,veh201,0.0,127.017564196289,37.498668952805254,-306342706#5_0,0.0,"(4, 10)",12,4.807290111253001,True,2.31522280755698,24
2024-02-25 17:14:47,veh278,56.44,127.01242593614077,37.49519859639946,-310026231_0,0.0,"(4, 10)",6,1.7245320077325568,False,2.8755209980653476,86
2024-02-25 17:14:43,veh246,0.0,127.01674355354376,37.49966365451848,306339024#2_0,0.0,"(4, 11)",13,2.5762230126849306,False,2.800437043618354,55
2024-02-25 17:14:08,veh5,0.0,127.0170339328254,37.501065286132686,-37399192#5_0,0.0,"(4, 11)",10,0.16502865166651975,False,1.3498059595442495,50
2024-02-25 17:14:08,veh7,0.0,127.01686887129821,37.49945417350967,306339024#1_0,0.0,"(4, 11)",3,1.2616335938992889,False,2.866932921839455,38
2024-02-25 17:14:18,veh73,0.0,127.0174431736074,37.50327026679148,921681812#1_1,0.0,"(4, 11)",1,0.9045717020102875,False,1.6928897830083858,6
2024-02-25 17:14:29,veh149,0.0,127.01229555849324,37.49970405560346,-522799177#9_0,0.0,"(4, 11)",11,0.3609102941874237,False,2.3461444755864767,83
2024-02-25 17:14:36,veh199,44.57,127.01685200457972,37.499721540876756,-306339232_0,0.0,"(4, 11)",11,2.9128739517548596,True,1.8191298363108883,48
2024-02-25 17:14:50,veh298,37.9,127.01685200457972,37.499721540876756,-306339232_0,0.0,"(4, 11)",16,3.7674628345892094,True,2.048774164132507,66
2024-02-25 17:14:21,veh92,0.0,127.0168077416491,37.49930643156625,-306339021#1_0,0.0,"(4, 11)",9,4.151380174093873,False,1.1734214262317548,27
2024-02-25 17:14:08,veh0,51.74,127.01645465581791,37.50936105761572,282209701#0_0,14.37,"(4, 13)",1,3.749253547522587,False,2.4848841735099088,15
2024-02-25 17:14:11,veh24,0.0,127.01997797726094,37.4896594773356,-260064614#1_0,0.0,"(5, 8)",3,0.8824098637910693,True,1.5155061442700393,7
2024-02-25 17:14:28,veh144,0.0,127.0194146577825,37.489843271056536,-522946376#3_0,0.0,"(5, 8)",9,1.33769230995109,False,2.1790466805609032,3
2024-02-25 17:14:46,veh267,0.0,127.01997797726094,37.4896594773356,-260064614#1_0,0.0,"(5, 8)",16,2.824330237588344,True,2.4006289952432707,90
2024-02-25 17:14:19,veh81,0.0,127.02043050388801,37.4896889439866,-379427556#0_0,0.0,"(5, 8)",5,3.0374369929338143,False,1.501712093193866,11
2024-02-25 17:14:39,veh221,0.0,127.02059929534437,37.489604440216056,379427551_0,0.0,"(5, 8)",11,2.8788026894062013,False,1.0268359570647894,80
2024-02-25 17:14:24,veh114,0.0,127.02195596042812,37.491721118856155,522799168#2_0,0.0,"(5, 9)",16,4.717725953063019,True,2.1032163574467493,90
2024-02-25 17:14:24,veh119,0.0,127.02213701324106,37.4900413855026,-379427556#3_0,0.0,"(5, 9)",12,0.19870724228714234,False,2.4130613766061946,44
2024-02-25 17:14:44,veh255,0.0,127.01911909906276,37.49166796756705,-220411673_0,0.0,"(5, 9)",13,4.868242434690414,False,2.754572518950547,68
2024-02-25 17:14:43,veh250,0.0,127.02083053873376,37.49210721591303,-220412439#5_0,0.0,"(5, 9)",20,0.9860915322212448,False,2.8827543817463637,18
2024-02-25 17:14:40,veh228,0.0,127.01990445168711,37.491284306391165,-522799172#1_0,0.0,"(5, 9)",16,4.930910175840558,True,1.7444941551519588,98
2024-02-25 17:14:40,veh224,0.0,127.02180757950198,37.490574319525045,-1039024438#1_0,0.0,"(5, 9)",11,1.0585711479202073,True,2.5744153148986086,17
2024-02-25 17:14:40,veh225,0.0,127.01936311115877,37.49357039411511,220412432#2_0,0.0,"(5, 9)",9,0.2624778584035564,True,2.1427178021413207,2
2024-02-25 17:14:32,veh169,0.0,127.01952396073199,37.491811119781694,-220411674_0,0.0,"(5, 9)",8,2.7106732963367812,True,1.313675197013828,11
2024-02-25 17:14:32,veh173,0.0,127.02248752770788,37.49075222072903,1039024438#3_0,0.0,"(5, 9)",16,3.3845347915626136,True,1.410072579644127,56
2024-02-25 17:14:09,veh8,0.0,127.0212912806238,37.49159525235433,-376649990#0_0,0.0,"(5, 9)",6,1.1820975335726163,True,2.962269662367236,44
2024-02-25 17:14:08,veh3,0.0,127.01996562845197,37.489981492479174,522799170#0_0,0.0,"(5, 9)",6,1.5213886905322147,False,1.1780562176597362,20
2024-02-25 17:14:36,veh203,0.0,127.0196479492456,37.491746005830045,-220411672#3_0,0.0,"(5, 9)",7,4.786939369686769,False,2.0127551333880978,39
2024-02-25 17:14:10,veh20,0.0,127.02247076353054,37.49045969552594,379427469#2_0,0.0,"(5, 9)",2,2.7864588537655157,False,1.2535497574483423,93
2024-02-25 17:14:45,veh261,0.0,127.01825487895697,37.492918762180196,-220412432#5_0,0.0,"(5, 9)",4,2.956571937070225,False,1.8357745816845736,57
2024-02-25 17:14:14,veh45,0.0,127.01973814648491,37.49132814426131,-220411679_0,0.0,"(5, 9)",15,2.7025989202986294,False,1.544084162839197,43
2024-02-25 17:14:46,veh268,0.0,127.02203296827793,37.49005258059163,379427556#3_0,0.0,"(5, 9)",13,2.373564605785582,False,2.9356590010625094,40
2024-02-25 17:14:18,veh75,0.0,127.01825487895697,37.492918762180196,-220412432#5_0,0.0,"(5, 9)",19,1.393653029153405,False,1.5826078055365822,67
2024-02-25 17:14:45,veh266,0.0,127.0186801447908,37.49230790139503,-220411672#13_0,0.0,"(5, 9)",12,1.7195490289894257,False,2.5772960458994225,8
2024-02-25 17:14:15,veh52,0.0,127.02097513324392,37.494410893169395,-220412425#2_0,0.0,"(5, 9)",18,4.787263960481789,False,2.1035098478494008,6
2024-02-25 17:14:13,veh41,0.0,127.01862845506956,37.493159676107304,220412432#5_0,0.0,"(5, 9)",18,0.6211182156024305,False,2.834190247351522,94
2024-02-25 17:14:13,veh37,0.0,127.01878264211221,37.49724363099312,-306342706#2_0,0.0,"(5, 10)",6,2.581076062880685,True,1.7996802595883163,43
2024-02-25 17:14:30,veh159,0.0,127.02311003465859,37.4952688711158,-376649996#0_0,0.0,"(5, 10)",5,3.5469956736722748,True,1.005035034045978,26
2024-02-25 17:14:34,veh187,0.0,127.02166451722886,37.49606115359759,1117538958#2_0,0.0,"(5, 10)",4,3.538616259484719,False,1.9369750628263962,40
2024-02-25 17:14:44,veh259,0.0,127.0213817271159,37.50347700499933,219837933#1_0,0.0,"(5, 11)",3,1.9837237269949253,True,1.2076945571989905,27
2024-02-25 17:14:09,veh11,0.0,127.02240593462783,37.50072846764747,506191135#6_0,0.0,"(5, 11)",16,1.1471674035024577,True,2.039002077587716,31
2024-02-25 17:14:18,veh76,0.0,127.02183174809133,37.501909686768876,-506191135#10_0,0.0,"(5, 11)",12,3.884733976382882,True,1.3525788486580632,56
2024-02-25 17:14:47,veh279,0.0,127.0223532060678,37.500757156634464,-506191135#6_0,0.0,"(5, 11)",19,4.38311013277384,False,2.2310353714411963,59
2024-02-25 17:14:38,veh216,0.0,127.02164894581792,37.505514173416564,239954459#4_0,0.0,"(5, 12)",16,4.1754318110486714,True,2.076101843348395,26
2024-02-25 17:14:33,veh176,45.72,127.02008588552792,37.50669237826435,-523257331#2_0,0.0,"(5, 12)",8,0.6316988195608296,False,1.892392627670113,51
2024-02-25 17:14:20,veh88,38.11,127.0204866108995,37.50479961246955,379470576_0,0.0,"(5, 12)",2,2.222177181008077,True,1.007599064540407,38
2024-02-25 17:14:28,veh141,0.0,127.02285635277129,37.50438362504706,417731530_0,0.0,"(5, 12)",18,2.92728347054879,True,2.6911754065322553,42
2024-02-25 17:14:12,veh29,0.0,127.02120972107929,37.50514757105676,-239954459#2_0,0.0,"(5, 12)",5,2.957086866311562,True,1.1660855549250495,25
2024-02-25 17:14:32,veh170,38.11,127.0204866108995,37.50479961246955,379470576_0,0.0,"(5, 12)",19,3.2272908867654895,True,1.2138134927350515,56
2024-02-25 17:14:46,veh270,48.2,127.01830341346356,37.50649660681442,-417731501_0,0.0,"(5, 12)",15,1.7698588406646591,True,1.2314396970058763,74
2024-02-25 17:14:46,veh271,103.97,127.02823281791629,37.488562772447104,218857635#0_0,0.0,"(6, 8)",12,1.4442175641317627,True,1.0753015137538702,76
2024-02-25 17:14:41,veh233,0.0,127.02660831247749,37.494045854327325,-504506984#2_0,0.0,"(6, 9)",3,3.087809310763855,True,1.6571084174386628,62
2024-02-25 17:14:37,veh210,0.0,127.02419919573727,37.49127344195324,522799169#2_0,0.0,"(6, 9)",18,4.050961846496971,True,1.2585001355636378,58
2024-02-25 17:14:18,veh71,0.0,127.02661679508559,37.49195206411845,218857635#6_0,0.0,"(6, 9)",3,0.7933393036753059,True,2.2073049616309333,52
2024-02-25 17:14:26,veh130,0.0,127.02863086767314,37.49445451050422,504227068#5_0,0.0,"(6, 9)",18,3.944627888115317,True,2.0753415346578032,86
2024-02-25 17:14:32,veh174,0.0,127.02724100387088,37.490613212781625,218857635#2_0,0.0,"(6, 9)",3,2.2257281324647655,True,1.687208321003121,64
2024-02-25 17:14:11,veh23,0.0,127.02613173264065,37.49285266387499,-218873827#2_0,0.0,"(6, 9)",10,2.3778520551090034,False,2.449676046368766,92
2024-02-25 17:14:30,veh155,0.0,127.02650352915511,37.49391165098155,-504227068#1_0,0.0,"(6, 9)",10,1.7819054985286236,True,1.474783220945462,16
2024-02-25 17:14:10,veh21,0.0,127.02911981879109,37.4910523464538,-379232159#1_0,0.0,"(6, 9)",7,3.92271695933478,True,2.733511604047666,24
2024-02-25 17:14:27,veh139,0.0,127.02505790353875,37.49516081267509,-1056882877#10_0,0.0,"(6, 10)",2,0.9158204115207567,True,1.9228279643796604,86
2024-02-25 17:14:10,veh18,0.0,127.02756162079504,37.49857750954583,520307304#0-AddedOnRampEdge_1,0.0,"(6, 10)",12,0.818679295911587,False,1.362476136437582,4
2024-02-25 17:14:27,veh138,0.0,127.02496715569679,37.49543151067373,1056882877#11_0,0.0,"(6, 10)",8,2.6358680798492298,True,1.4363199134834468,34
2024-02-25 17:14:20,veh87,0.0,127.02496715569679,37.49543151067373,1056882877#11_0,0.0,"(6, 10)",18,2.0360091230147845,False,1.7605833792101797,51
2024-02-25 17:14:29,veh154,0.0,127.0265131382077,37.496351177526385,504227066#1_0,0.0,"(6, 10)",11,2.468861664223477,False,2.656364487789144,74
2024-02-25 17:14:30,veh157,0.0,127.0265131382077,37.496351177526385,504227066#1_0,0.0,"(6, 10)",13,4.419988681814587,True,2.251258707416288,20
2024-02-25 17:14:16,veh61,0.0,127.02447663421327,37.49874224638184,-1011529829#0_0,0.0,"(6, 10)",9,0.5476392339787081,True,1.13490890844814,92
2024-02-25 17:14:39,veh219,0.0,127.02714750636568,37.49836103338506,523141074#1_0,0.0,"(6, 10)",9,1.7815714763219253,True,1.7521933637741725,3
2024-02-25 17:14:50,veh295,54.02,127.0278421884513,37.49866773466429,129731857#0_0,0.0,"(6, 10)",9,2.537659795216603,True,1.4298283226316013,96
2024-02-25 17:14:35,veh194,0.0,127.02774563730756,37.49596695798448,504231012#0_0,0.0,"(6, 10)",18,3.4109512827572965,False,1.0327172946670313,77
2024-02-25 17:14:29,veh153,0.0,127.02837650641615,37.496588372421996,521766182#1-AddedOffRampEdge_1,0.0,"(6, 10)",15,2.796114556258222,False,1.2150142786913933,21
2024-02-25 17:14:31,veh163,0.0,127.02635865945858,37.49666040530289,504227066#2_0,0.0,"(6, 10)",14,0.8830626889079914,True,1.3507785130437906,85
2024-02-25 17:14:40,veh231,0.0,127.02841028714609,37.496172809453434,218873820#1_6,0.0,"(6, 10)",10,2.181902618822367,False,1.0233249407656047,89
2024-02-25 17:14:25,veh123,0.0,127.02839249446525,37.498095833567945,975332778#0_0,0.0,"(6, 10)",11,4.543409042778521,False,2.33326874577103,74
2024-02-25 17:14:24,veh116,0.0,127.02506803229205,37.49894712438901,1011529829#0_1,0.0,"(6, 10)",10,2.0096664442510193,True,2.290337532116531,50
2024-02-25 17:14:42,veh245,0.0,127.0284232501059,37.498273700719075,520307303_0,0.0,"(6, 10)",6,1.1071752508622443,True,1.270596676169122,94
2024-02-25 17:14:21,veh96,0.0,127.02879954385317,37.49824921717129,975332778#2_0,0.0,"(6, 10)",4,0.5118402539821072,True,2.5318891418126457,29
2024-02-25 17:14:45,veh263,0.0,127.02454624752284,37.49695369248483,1117538957#1_0,0.0,"(6, 10)",6,4.644528770743587,False,2.147562833065563,22
2024-02-25 17:14:21,veh95,0.0,127.02873646576411,37.49503053531053,218873820#3_0,0.0,"(6, 10)",14,3.7351926597594622,False,2.97827238851818,81
2024-02-25 17:14:35,veh193,0.0,127.02768883292153,37.49967048758334,256787796#4_0,0.0,"(6, 11)",15,2.1333106989394994,False,2.6629791093068977,91
2024-02-25 17:14:15,veh54,0.0,127.02670967702917,37.49988904848219,521770119#0_6,0.0,"(6, 11)",20,1.1376405461457186,False,2.7421226690146225,54
2024-02-25 17:14:38,veh212,0.0,127.02684854880063,37.49960957969584,520307304#1_6,0.0,"(6, 11)",15,3.6830543217497356,True,1.4874298206106058,98
2024-02-25 17:14:20,veh90,52.14,127.02688054921967,37.503516772091565,-802110008_0,0.0,"(6, 11)",6,4.833859007754493,True,1.448869911780719,3
2024-02-25 17:14:17,veh65,0.0,127.02644409444333,37.500470619793376,521770119#1_6,0.0,"(6, 11)",10,3.5934477902621405,True,2.8040836896155037,48
2024-02-25 17:14:48,veh283,0.0,127.02780709524166,37.5007711747068,129733424#1_0,0.0,"(6, 11)",7,1.045823891500042,True,1.2209862825914737,59
2024-02-25 17:14:47,veh274,0.0,127.02602657262149,37.50133364023815,521770119#3_6,0.0,"(6, 11)",14,4.702893206468811,False,1.9902470118634035,83
2024-02-25 17:14:50,veh297,0.0,127.0270856673706,37.50212944305502,-417750337#3_0,0.0,"(6, 11)",8,2.95872193663961,False,1.0198489358414848,31
2024-02-25 17:14:33,veh181,54.35,127.02688054921967,37.503516772091565,-802110008_0,0.0,"(6, 11)",17,4.374608729751103,True,2.9598846780227297,95
2024-02-25 17:14:36,veh204,0.0,127.028014217327,37.502480900640975,-26163000#0_0,0.0,"(6, 11)",12,4.29726824389045,True,1.7810930847511315,12
2024-02-25 17:14:46,veh273,0.0,127.02705412948661,37.499665947467115,520307304#1_0,0.0,"(6, 11)",18,3.760482249110917,True,1.567916263815118,23
2024-02-25 17:14:12,veh32,0.0,127.02473754212431,37.503377448539794,521766175#2_0,0.0,"(6, 11)",20,1.3927838040774034,False,2.6378258453053447,44
2024-02-25 17:14:22,veh105,0.0,127.0262602858509,37.50066537004373,218877837#1_6,0.0,"(6, 11)",18,4.069407367599106,False,1.0479763035257428,98
2024-02-25 17:14:16,veh63,0.0,127.02621616470924,37.50110860318965,521770119#2_4,0.0,"(6, 11)",8,0.4173387483492538,False,2.8936498335960774,86
2024-02-25 17:14:20,veh91,0.0,127.02542698585205,37.50274007719022,521766180#1_4,0.0,"(6, 11)",13,3.0960297491486384,False,2.8107182915820483,87
2024-02-25 17:14:43,veh249,0.0,127.02689532074415,37.50267705089587,-117790045#0_0,0.0,"(6, 11)",19,0.528647467950884,True,2.9628562630400985,12
2024-02-25 17:14:25,veh126,0.0,127.02602657262149,37.50133364023815,521770119#3_6,0.0,"(6, 11)",8,1.21009290689049,True,2.518749602476416,56
2024-02-25 17:14:19,veh80,0.0,127.02592901231642,37.50167965754485,521766180#0_4,0.0,"(6, 11)",9,4.343643927889045,True,1.323358664205344,56
2024-02-25 17:14:12,veh31,0.0,127.02605834478922,37.50060188268214,218877837#1_0,0.0,"(6, 11)",14,4.055639483473241,False,1.2440274732066319,68
2024-02-25 17:14:13,veh36,0.0,127.02644409444333,37.500470619793376,521770119#1_6,0.0,"(6, 11)",11,2.7260576438058495,False,2.757439415262774,69
2024-02-25 17:14:27,veh136,0.0,127.02882145661547,37.50090504231257,129733424#0_0,0.0,"(6, 11)",20,3.0952260756376964,True,1.3165486943567104,1
2024-02-25 17:14:11,veh28,0.0,127.02749382195222,37.500083765249435,256787796#3_0,0.0,"(6, 11)",18,3.020019257972515,True,2.5527383177258223,44
2024-02-25 17:14:10,veh19,0.0,127.02535849939764,37.502721464462475,521766180#1_6,0.0,"(6, 11)",19,4.735449228815959,False,2.711304056021237,25
2024-02-25 17:14:47,veh277,95.72,127.02332020433916,37.506346121161485,521766177#0_0,0.0,"(6, 12)",1,4.894162496698206,False,2.3102505752539693,74
2024-02-25 17:14:27,veh140,0.0,127.02713244595802,37.50362575812252,-26163000#4_0,0.0,"(6, 12)",18,1.0459008773001537,False,2.183326332804694,82
2024-02-25 17:14:09,veh14,99.13,127.02352299244092,37.50640800528329,521766177#0_6,0.0,"(6, 12)",1,0.22142784419517858,True,1.8977535008062216,35
2024-02-25 17:14:11,veh25,0.0,127.02404575658223,37.50435093159548,-541692164#1_1,0.0,"(6, 12)",10,2.4076579571198984,False,1.5142704954439632,16
2024-02-25 17:14:14,veh43,0.0,127.02802438093038,37.505596549263856,921707137#1_0,0.0,"(6, 12)",2,1.3538230925139756,False,1.6247635871312636,34
2024-02-25 17:14:21,veh98,109.11,127.02332020433916,37.506346121161485,521766177#0_0,0.0,"(6, 12)",2,2.5717546838658563,False,1.4610968993038715,92
2024-02-25 17:14:35,veh197,91.61,127.02332020433916,37.506346121161485,521766177#0_0,0.0,"(6, 12)",1,3.618720103378031,True,1.0228938485922665,31
2024-02-25 17:14:40,veh229,107.06,127.02332020433916,37.506346121161485,521766177#0_0,0.0,"(6, 12)",8,0.36822203306635315,True,2.044336115193542,88
2024-02-25 17:14:45,veh265,87.8,127.02332020433916,37.506346121161485,521766177#0_0,0.0,"(6, 12)",19,1.7938783545710322,False,1.006686076057773,91
2024-02-25 17:14:45,veh260,97.27,127.02352299244092,37.50640800528329,521766177#0_6,0.0,"(6, 12)",6,3.2314721279185368,False,2.396276641307245,9
2024-02-25 17:14:31,veh165,0.0,127.02516936137829,37.50535662099482,282212927#1_0,0.0,"(6, 12)",3,0.49058440912325707,False,1.8900812178115391,84
2024-02-25 17:14:14,veh48,0.0,127.02546317276493,37.50469089368712,921707136#2_0,0.0,"(6, 12)",8,0.6255420489017208,False,1.9839693853438416,70
2024-02-25 17:14:40,veh226,0.0,127.02416541200034,37.504592419454355,521766177#2_0,0.0,"(6, 12)",17,4.772394370260242,False,2.4379500256000948,87
2024-02-25 17:14:50,veh299,0.0,127.02456537964757,37.50517254557384,282212927#0_0,0.0,"(6, 12)",7,0.5940773382920782,False,1.6306798987757491,51
2024-02-25 17:14:27,veh137,103.23,127.02332020433916,37.506346121161485,521766177#0_0,0.0,"(6, 12)",1,3.6311075643118262,False,1.8417798017357114,19
2024-02-25 17:14:44,veh256,0.0,127.0343352538684,37.489770964188835,-417950694#2_0,0.0,"(7, 8)",17,4.346212795343529,False,1.9128797873162338,17
2024-02-25 17:14:44,veh258,0.0,127.03038855905604,37.48991164768675,379232153#0_0,0.0,"(7, 8)",3,1.6876369414021948,True,1.013261316128884,47
2024-02-25 17:14:48,veh286,105.14,127.03179671167767,37.48960973142055,-218724602#10_0,0.0,"(7, 8)",1,0.47048507594133304,False,1.7498662668648997,73
2024-02-25 17:14:30,veh158,0.0,127.03217842950859,37.48907479733827,-417950694#4_0,0.0,"(7, 8)",7,4.790887169315255,True,2.9482631191836317,60
2024-02-25 17:14:48,veh284,0.0,127.03038855905604,37.48991164768675,379232153#0_0,0.0,"(7, 8)",13,0.8691926471361384,True,1.2506413557745504,56
2024-02-25 17:14:15,veh55,0.0,127.03492533265496,37.49284737335088,174890796#0_0,0.0,"(7, 9)",1,0.1128202757769343,False,2.1604365313960328,83
2024-02-25 17:14:13,veh40,0.0,127.02970088157532,37.492927318713896,-218873824#0_0,0.0,"(7, 9)",14,3.5263415147387964,True,1.6954206644989522,43
2024-02-25 17:14:45,veh262,0.0,127.03245385670098,37.492214608743694,417933648_0,0.0,"(7, 9)",13,1.169908897040608,True,1.7277969213780722,53
2024-02-25 17:14:30,veh156,0.0,127.03331719943552,37.49065915392893,494824660#2_0,0.0,"(7, 9)",12,2.428011263566125,True,2.564296192477265,63
2024-02-25 17:14:09,veh10,0.0,127.0314099422073,37.4901973083911,494824664#1_0,0.0,"(7, 9)",7,2.0021054441376207,False,1.0019941443136458,100
2024-02-25 17:14:43,veh251,0.0,127.03051953354459,37.4912841389702,218971528#3_0,0.0,"(7, 9)",12,1.4052544731335046,True,1.6644430037222178,20
2024-02-25 17:14:12,veh33,0.0,127.03202169314281,37.495562048954575,-379232161#4_0,0.0,"(7, 10)",6,2.4454014322271442,True,2.82768695738813,31
2024-02-25 17:14:19,veh79,0.0,127.03202169314281,37.495562048954575,-379232161#4_0,0.0,"(7, 10)",18,1.8621915077168454,True,2.0593360509372323,12
2024-02-25 17:14:48,veh287,0.0,127.03007135518422,37.494964212628936,-379232161#0_0,0.0,"(7, 10)",19,3.0543511487383,True,1.130094998176268,92
2024-02-25 17:14:23,veh108,0.0,127.02954733151931,37.498475875213046,218864491#0_0,0.0,"(7, 10)",3,0.34489141486973773,True,2.8863568913904203,17
2024-02-25 17:14:38,veh214,0.0,127.03429988483634,37.49917462409515,117823788#1_0,0.0,"(7, 10)",2,4.681731066044465,True,2.543147076735151,44
2024-02-25 17:14:17,veh64,0.0,127.0311675767861,37.494813932337344,-417933647#1_0,0.0,"(7, 10)",11,1.550238456362548,False,1.9843335201136685,74
2024-02-25 17:14:17,veh67,0.0,127.03450750883887,37.49628098291749,-176732665#1_0,0.0,"(7, 10)",9,4.670519763451309,True,1.6999587561135754,30
2024-02-25 17:14:29,veh150,0.0,127.03182201370102,37.49746390225621,417933642#2_0,0.0,"(7, 10)",13,4.310065230377852,True,1.3214020908561352,94
2024-02-25 17:14:49,veh291,0.0,127.0347559256332,37.49499205615152,379417105#3_0,0.0,"(7, 10)",20,2.187937676224909,False,2.4952088363728224,44
2024-02-25 17:14:17,veh69,0.0,127.03479642747426,37.49814967247717,117823788#3_0,0.0,"(7, 10)",8,2.928343961753379,False,2.2663702262160936,27
2024-02-25 17:14:41,veh237,0.0,127.03448721338678,37.503698439779406,-117790055#3_0,0.0,"(7, 11)",11,1.948281288655004,True,2.527995318781548,38
2024-02-25 17:14:42,veh241,0.0,127.03109738270561,37.501466486107255,417750352#1_0,0.0,"(7, 11)",4,4.810763901797514,False,1.028725821251469,80
2024-02-25 17:14:46,veh272,0.0,127.02953924004332,37.502013763229634,117790031#3_0,0.0,"(7, 11)",14,1.67733061201357,True,2.098551992197536,69
2024-02-25 17:14:49,veh290,0.0,127.03294661147392,37.50268415012462,417746802#6_0,0.0,"(7, 11)",11,3.265826559539234,False,2.9350853322240384,24
2024-02-25 17:14:39,veh222,41.42,127.0300411336577,37.50349658335247,-901734399_0,0.0,"(7, 11)",2,3.479999211179259,True,2.9121959342355153,98
2024-02-25 17:14:29,veh151,0.0,127.03116970941898,37.5018726472085,805827765_0,0.0,"(7, 11)",9,2.555058386632338,True,1.2753217453727952,38
2024-02-25 17:14:23,veh106,0.0,127.03366044261328,37.502184942192265,-239953792#0_0,0.0,"(7, 11)",5,0.45108504315716813,False,2.4825739770638005,100
2024-02-25 17:14:29,veh152,0.0,127.03313474259635,37.501666241865756,-239953791#3_0,0.0,"(7, 11)",17,3.039056158887166,False,2.6159569052289386,74
2024-02-25 17:14:28,veh146,0.0,127.03340871831608,37.501737771494476,239953380#5_0,0.0,"(7, 11)",5,4.329605807401004,True,2.3903158873289074,99
2024-02-25 17:14:22,veh99,0.0,127.02950271097939,37.499551276078584,129731858#3_0,0.0,"(7, 11)",3,4.8946150422308055,True,1.3016996259176434,61
2024-02-25 17:14:22,veh100,0.0,127.03127938449224,37.50361372831165,-800742035_0,0.0,"(7, 11)",7,3.852139224987679,False,1.3448099490204855,90
2024-02-25 17:14:09,veh12,0.0,127.03127938449224,37.50361372831165,-800742035_0,0.0,"(7, 11)",13,2.21153025926812,True,1.5790888546488393,24
2024-02-25 17:14:23,veh109,0.0,127.03063598551871,37.49952274548052,-129731857#2_0,0.0,"(7, 11)",19,0.8114009650930523,True,1.3418470825613233,18
2024-02-25 17:14:08,veh6,0.0,127.0331662597197,37.5033081114989,-117790055#1_0,0.0,"(7, 11)",12,4.82260222751118,False,2.4291699544251086,85
2024-02-25 17:14:08,veh1,0.0,127.0345921227741,37.503126028270266,-417746802#1_0,0.0,"(7, 11)",5,3.1072201840122804,True,1.0648490803114146,42
2024-02-25 17:14:18,veh74,0.0,127.03199178208938,37.50117696864056,-117790039#4_0,0.0,"(7, 11)",13,1.831135747209546,True,1.0510602473582102,87
2024-02-25 17:14:31,veh162,0.0,127.02998145125814,37.50320382085787,117790049#2_0,0.0,"(7, 11)",10,3.88840142942961,False,2.561864355821757,75
2024-02-25 17:14:34,veh189,0.0,127.03094306735527,37.505529065212464,117790044#6_0,0.0,"(7, 12)",2,4.134934285098406,True,1.8614904281824924,87
2024-02-25 17:14:42,veh244,0.0,127.03168274300448,37.50578188061678,-117790044#6_0,0.0,"(7, 12)",7,2.6452321604433067,True,1.5371842196651768,14
2024-02-25 17:14:27,veh135,55.92,127.03039094622959,37.50601393619737,26004328#0_0,0.0,"(7, 12)",18,4.299430344490851,False,1.0147303096428717,13
2024-02-25 17:14:16,veh62,0.0,127.03168274300448,37.50578188061678,-117790044#6_0,0.0,"(7, 12)",16,4.095992113389724,False,1.4613488650386135,17
2024-02-25 17:14:22,veh104,0.0,127.03017006261342,37.50417398975131,-800742072#0_0,0.0,"(7, 12)",6,1.4201598909544264,True,1.036818311131249,88
2024-02-25 17:14:47,veh280,0.0,127.03861126309815,37.488862119498734,379417096#1_0,0.0,"(8, 8)",16,1.5043688123303014,True,2.4672069668551506,78
2024-02-25 17:14:24,veh113,0.0,127.03989303823218,37.48926099483559,-379417096#1_0,0.0,"(8, 8)",1,4.585102649940393,True,1.645476114787357,29
2024-02-25 17:14:19,veh83,0.0,127.03965699255212,37.4900391039997,647165393#7_0,0.0,"(8, 8)",13,4.487891121589651,False,2.449266455842158,67
2024-02-25 17:14:18,veh77,0.0,127.03725973255325,37.490187745700574,-379417023#0_0,0.0,"(8, 8)",17,2.7317331242898777,True,1.4911929668032713,49
2024-02-25 17:14:39,veh220,0.0,127.03845980100641,37.48895311315603,379417029#1_0,0.0,"(8, 8)",4,4.4322733536001655,True,1.4573506676255694,34
2024-02-25 17:14:10,veh17,0.0,127.03503672125136,37.49458111520215,-623719388#2_0,0.0,"(8, 9)",12,4.031892598126003,True,1.2675338031457861,32
2024-02-25 17:14:36,veh200,0.0,127.03767118935724,37.49198091102858,174890791#4_0,0.0,"(8, 9)",11,1.8246630288645913,False,1.2294563477358835,93
2024-02-25 17:14:43,veh252,36.78,127.03706961291634,37.49374087378419,379417055_0,0.0,"(8, 9)",12,2.847986361499886,True,2.1853709033750475,54
2024-02-25 17:14:33,veh180,0.0,127.039140259382,37.49232015594794,417933652#2_0,0.0,"(8, 9)",15,4.0055194917386086,False,1.3262571366614573,8
2024-02-25 17:14:40,veh227,0.0,127.0366005334607,37.49337668357414,-623720804#2_0,0.0,"(8, 9)",2,4.157959661714056,True,2.720544871441555,88
2024-02-25 17:14:14,veh47,0.0,127.03897042279729,37.492402708142976,-174890791#5_0,0.0,"(8, 9)",8,4.295091525763232,False,1.0534589168825035,29
2024-02-25 17:14:10,veh16,0.0,127.04033927671661,37.493614888947086,218724604#2_0,0.0,"(8, 9)",15,3.9231678427937746,False,2.836077332976674,16
2024-02-25 17:14:09,veh13,0.0,127.0399137351886,37.49211638519935,218724602#1_0,0.0,"(8, 9)",2,0.43055211203271604,True,2.4670408985815295,24
2024-02-25 17:14:41,veh234,0.0,127.03659154850364,37.491553147669514,-802770128#0_0,0.0,"(8, 9)",10,1.4902952718428792,False,1.2109213292141592,12
2024-02-25 17:14:32,veh172,0.0,127.04052619240916,37.49044459911067,-647165394#1_0,0.0,"(8, 9)",9,1.8121511334092468,True,1.6374222113553614,74
2024-02-25 17:14:28,veh147,0.0,127.03941069405596,37.49183793655196,-417933651#0_0,0.0,"(8, 9)",19,0.38598681218500075,True,1.0079086205991588,44
2024-02-25 17:14:50,veh300,0.0,127.03694548206107,37.49117250622825,-218724602#4_0,0.0,"(8, 9)",5,2.137787701429017,False,1.1736113141825713,27
2024-02-25 17:14:20,veh86,0.0,127.0395539138088,37.495303392420965,218724604#4_0,0.0,"(8, 10)",2,3.9980487786120373,True,1.8802228578447486,76
2024-02-25 17:14:22,veh101,0.0,127.03611168114817,37.494880683926276,623719388#5_0,0.0,"(8, 10)",1,0.38570073900199875,False,1.9949082944337893,43
2024-02-25 17:14:22,veh102,0.0,127.03639643599297,37.49845999046696,-404008684#0_0,0.0,"(8, 10)",19,2.719328362968011,True,2.7977783637088693,8
2024-02-25 17:14:15,veh51,0.0,127.03645855387087,37.49639779357689,-411553135#0_0,0.0,"(8, 10)",6,2.2668495485170923,True,2.0896071860561065,81
2024-02-25 17:14:17,veh70,0.0,127.03639643599297,37.49845999046696,-404008684#0_0,0.0,"(8, 10)",18,4.062913774910393,True,2.938379468884681,69
2024-02-25 17:14:47,veh276,0.0,127.03683426140522,37.4951336737676,-623719388#5_0,0.0,"(8, 10)",4,0.6983605517163748,False,1.775087992896422,81
2024-02-25 17:14:19,veh84,0.0,127.0360719752411,37.499120343726425,-117823785#0_0,0.0,"(8, 10)",5,4.824076414755711,False,2.0041145726493252,26
2024-02-25 17:14:19,veh82,0.0,127.03696748357888,37.49572569336956,354725380#3_0,0.0,"(8, 10)",12,4.5352802024280185,True,1.8239977403212961,15
2024-02-25 17:14:20,veh89,0.0,127.03903049375927,37.496402567327834,919983794#1_0,0.0,"(8, 10)",6,0.1169814115488812,False,2.780147535053745,63
2024-02-25 17:14:25,veh125,0.0,127.03639643599297,37.49845999046696,-404008684#0_0,0.0,"(8, 10)",6,3.4392769528874596,True,2.7035511674294903,47
2024-02-25 17:14:23,veh110,0.0,127.03515172927465,37.49726837918173,176732665#0_0,0.0,"(8, 10)",16,2.2732689496521723,False,2.429900585867485,65
2024-02-25 17:14:36,veh198,0.0,127.03903049375927,37.496402567327834,919983794#1_0,0.0,"(8, 10)",2,2.007404074858452,True,2.073398517888252,34
2024-02-25 17:14:35,veh190,0.0,127.03535336180823,37.4984657591073,117823785#2_0,0.0,"(8, 10)",6,2.2080515572617174,True,1.9853424149374157,26
2024-02-25 17:14:08,veh2,0.0,127.03782199789227,37.49628862600624,411552581_0,0.0,"(8, 10)",5,2.5753859490805975,False,2.149265840345697,50
2024-02-25 17:14:30,veh160,0.0,127.03939271916938,37.49910732183201,117795638#1_0,0.0,"(8, 10)",2,2.2118290639012215,True,1.271302322381895,87
2024-02-25 17:14:13,veh38,0.0,127.04033313295571,37.49638664740828,-525738548#0_0,0.0,"(8, 10)",5,4.196797652103787,True,1.773159288198944,34
2024-02-25 17:14:47,veh275,0.0,127.04025318196359,37.49760376520266,117795647#1_0,0.0,"(8, 10)",4,4.553074274817353,False,1.8591066767260263,59
2024-02-25 17:14:25,veh120,0.0,127.03775018818364,37.497589008550705,354725380#0_0,0.0,"(8, 10)",2,2.53855575968591,False,2.2217133278603622,22
2024-02-25 17:14:42,veh239,0.0,127.03521021072673,37.4960877062183,117823789#2_0,0.0,"(8, 10)",19,4.845336545666679,False,1.660311241139816,34
2024-02-25 17:14:12,veh30,0.0,127.03607323858351,37.50244810726537,-921278928_0,0.0,"(8, 11)",14,3.31057581079016,True,2.4570510431756887,78
2024-02-25 17:14:16,veh58,0.0,127.03884718018061,37.503607380303826,-239953210#6_0,0.0,"(8, 11)",19,0.13296777218281264,True,2.133258382357493,19
2024-02-25 17:14:39,veh223,0.0,127.03718170137873,37.50034644721933,919983794#7_0,0.0,"(8, 11)",1,0.40727218970198553,True,2.709829838289929,58
2024-02-25 17:14:48,veh282,0.0,127.03864604143968,37.50294020132717,-210332895#2_0,0.0,"(8, 11)",11,4.850787885699286,False,2.4931424182367605,70
2024-02-25 17:14:15,veh53,0.0,127.03993892943281,37.50030900730015,117795630#0_0,0.0,"(8, 11)",4,2.1228144121280104,False,2.884896238971568,98
2024-02-25 17:14:35,veh192,0.0,127.0392804365168,37.500240873565055,210332894#2_0,0.0,"(8, 11)",1,0.6826163977732781,False,2.6593714447693335,55
2024-02-25 17:14:17,veh66,0.0,127.03864604143968,37.50294020132717,-210332895#2_0,0.0,"(8, 11)",10,4.040197365515542,True,1.839691541160685,50
2024-02-25 17:14:24,veh117,0.0,127.03536751903543,37.500897868084905,-210332897#0_0,0.0,"(8, 11)",6,0.11722236923532249,True,2.7379261110061863,75
2024-02-25 17:14:16,veh60,0.0,127.03951966562181,37.50080272992871,-417929413#1_0,0.0,"(8, 11)",2,3.7095745418247974,True,2.136869018107534,67
2024-02-25 17:14:16,veh59,0.0,127.03488782266123,37.503112322153264,417750356#2_0,0.0,"(8, 11)",15,4.862513326196045,True,2.544696510792561,24
2024-02-25 17:14:31,veh166,0.0,127.03697100930056,37.50080904324537,-919983792_0,0.0,"(8, 11)",1,1.673580860607312,True,2.1175935158093937,51
2024-02-25 17:14:13,veh39,0.0,127.0362034211656,37.5050795932068,392691744#4_0,0.0,"(8, 12)",9,1.1426114190824264,True,1.6921956670578682,23
2024-02-25 17:14:15,veh50,0.0,127.04002868209619,37.50521253238119,117786468#6_0,0.0,"(8, 12)",1,1.2446483617411739,True,1.0773884108720517,87
2024-02-25 17:14:48,veh281,0.0,127.03850392921187,37.50466577159718,117786468#0_0,0.0,"(8, 12)",5,3.7924982130624265,True,2.6637809312235916,53
2024-02-25 17:14:36,veh202,45.08,127.03607045285017,37.50566477586696,417746828_0,0.0,"(8, 12)",14,2.1733353791049552,False,1.2646206266191256,26
2024-02-25 17:14:46,veh269,35.45,127.0398674059946,37.506298972382375,392691744#0_0,0.0,"(8, 12)",7,1.4156267603320978,False,2.052422392672919,19
2024-02-25 17:14:26,veh128,0.0,127.03697676607788,37.503895496567054,239953383#2_0,0.0,"(8, 12)",20,2.8953858785110658,True,1.9664293187293453,40
2024-02-25 17:14:42,veh242,49.74,127.03643279603271,37.50577199903962,417746829_0,0.0,"(8, 12)",11,3.8465316884820364,True,2.314560479202727,78
2024-02-25 17:14:12,veh34,0.0,127.04534634094897,37.493352504450634,-417952859#0_0,0.0,"(9, 9)",9,2.799148113360901,False,1.5220414826557684,57
2024-02-25 17:14:34,veh185,0.0,127.04110716498789,37.49397107821332,-417927298#1_0,0.0,"(9, 9)",11,2.3116746985394587,False,1.0867704908906468,57
2024-02-25 17:14:41,veh235,0.0,127.0424241861115,37.49299229574129,117795655_0,0.0,"(9, 9)",7,0.7681411453479641,True,1.4177179027649691,43
2024-02-25 17:14:22,veh103,0.0,127.04260385558717,37.49451451212904,117795631#2_0,0.0,"(9, 9)",10,0.9419473117139301,True,1.1322153859501645,32
2024-02-25 17:14:16,veh57,0.0,127.04107254027676,37.497643294570125,-417927293#0_0,0.0,"(9, 10)",6,3.783774038073487,False,1.4778856296540444,100
2024-02-25 17:14:38,veh215,0.0,127.04464242749401,37.49513800878894,417927285#3_0,0.0,"(9, 10)",7,1.5191453032530007,True,1.626946642051681,21
2024-02-25 17:14:37,veh207,0.0,127.04403060485423,37.496333574733995,117795632#3_0,0.0,"(9, 10)",14,1.6256417294814813,True,1.262523073604935,33
2024-02-25 17:14:17,veh68,0.0,127.04464242749401,37.49513800878894,417927285#3_0,0.0,"(9, 10)",5,4.260494112522765,False,2.3402720458014032,13
2024-02-25 17:14:48,veh285,0.0,127.04474155272885,37.50219735280786,-130065880#2_0,0.0,"(9, 11)",20,0.7111230849500949,False,2.0584626103818575,1
2024-02-25 17:14:50,veh296,0.0,127.04291091986585,37.502271066111255,908696520#5_0,0.0,"(9, 11)",10,2.217630751290008,False,1.9519248270594076,77
2024-02-25 17:14:29,veh148,0.0,127.04574433704568,37.50178183319649,435319068_0,0.0,"(9, 11)",10,4.529118560922967,True,2.2651383118610218,49
2024-02-25 17:14:38,veh218,0.0,127.04245750798519,37.50508519903961,-417745011#1_0,0.0,"(9, 12)",3,2.4177533871514414,False,1.9684596904386689,5
2024-02-25 17:14:26,veh133,0.0,127.04465914133925,37.50465327818713,417745011#11_0,0.0,"(9, 12)",2,0.4635161160895924,False,1.7120566410279991,98
2024-02-25 17:14:49,veh289,0.0,127.04152348456614,37.505072974188266,218448824#5_0,0.0,"(9, 12)",2,3.4743430549328886,False,1.417463006162473,79
2024-02-25 17:14:44,veh253,15.98,127.0403192199725,37.50419251714161,417746812#0_0,0.0,"(9, 12)",18,0.5453141260889545,True,2.800521834440748,94
2024-02-25 17:14:43,veh248,0.0,127.04477709542391,37.50567878410728,72465265#2_0,0.0,"(9, 12)",8,0.19128166615952175,True,1.7281406178659136,99
2024-02-25 17:14:32,veh175,0.0,127.0444523539695,37.504692121397255,417745011#10_0,0.0,"(9, 12)",6,4.725251946821668,True,1.0733424605977882,47
2024-02-25 17:14:33,veh178,0.0,127.0467864599731,37.49357871281182,417952854#0_0,0.0,"(10, 9)",18,1.745893147035484,False,2.8680558559700495,86
2024-02-25 17:14:30,veh161,27.8,127.04761130442047,37.50228069925154,435319066_0,0.0,"(10, 11)",4,1.2982369176488797,False,1.3149211979656346,51
2024-02-25 17:14:35,veh191,0.0,127.04746587550774,37.50224990524934,435319067_0,0.0,"(10, 11)",6,4.670817641802777,False,1.9684273460643429,82
2024-02-25 17:14:41,veh236,0.0,127.04693756608636,37.50449857062115,72465265#7_0,0.0,"(10, 12)",14,4.058620909218863,True,1.6866641301333953,60
